# pop	P1_A01.single,P1_A02.single,P1_A03.single,P1_A04.single,P1_A05.single,P1_A06.single,P1_A07.single,P1_A08.single,P1_A09.single,P1_A10.single,P1_A11.single,P1_A12.single,P1_B01.single,P1_B02.single,P1_B03.single,P1_B04.single,P1_B05.single,P1_B06.single,P1_B07.single,P1_B08.single,P1_B09.single,P1_B10.single,P1_B11.single,P1_B12.single,P1_C01.single,P1_C02.single,P1_C03.single,P1_C04.single,P1_C05.single,P1_C06.single,P1_C07.single,P1_C08.single,P1_C09.single,P1_C10.single,P1_C11.single,P1_C12.single,P1_D01.single,P1_D02.single,P1_D03.single,P1_D04.single,P1_D05.single,P1_D06.single,P1_D07.single,P1_D08.single,P1_D09.single,P1_D11.single,P1_D12.single,P1_E01.single,P1_E02.single,P1_E03.single,P1_E04.single,P1_E05.single,P1_E06.single,P1_E07.single,P1_E08.single,P1_E09.single,P1_E11.single,P1_E12.single,P1_F01.single,P1_F02.single,P1_F03.single,P1_F04.single,P1_F05.single,P1_F06.single,P1_F07.single,P1_F08.single,P1_F09.single,P1_F10.single,P1_F11.single,P1_F12.single,P1_G02.single,P1_G03.single,P1_G04.single,P1_G05.single,P1_G06.single,P1_G07.single,P1_G08.single,P1_G09.single,P1_G10.single,P1_G11.single,P1_G12.single,P1_H01.single,P1_H02.single,P1_H03.single,P1_H04.single,P1_H05.single,P1_H06.single,P1_H07.single,P1_H08.single,P1_H09.single,P1_H10.single,P1_H11.single,P1_H12.single,P2_A01.single,P2_A02.single,P2_A03.single,P2_A04.single,P2_A05.single,P2_A07.single,P2_A08.single,P2_A09.single,P2_A10.single,P2_A11.single,P2_A12.single,P2_B01.single,P2_B02.single,P2_B06.single,P2_B07.single,P2_B08.single,P2_B09.single,P2_B10.single,P2_B11.single,P2_B12.single,P2_C02.single,P2_C03.single,P2_C05.single,P2_C07.single,P2_C08.single,P2_C09.single,P2_C12.single,P2_D03.single,P2_D04.single,P2_D05.single,P2_D06.single,P2_D07.single,P2_D08.single,P2_D09.single,P2_E01.single,P2_E02.single,P2_E03.single,P2_E05.single,P2_E06.single,P2_E09.single,P2_E11.single,P2_E12.single,P2_F02.single,P2_F03.single,P2_F04.single,P2_F05.single,P2_F06.single,P2_F08.single,P2_F09.single,P2_G03.single,P2_G05.single,P2_G06.single,P2_G09.single,P2_H01.single,P2_H02.single,P2_H04.single,P2_H05.single,P2_H06.single,P2_H07.single,P2_H08.single,P2_H09.single,P3_A01.single,P3_A02.single,P3_A03.single,P3_A04.single,P3_A05.single,P3_A06.single,P3_A07.single,P3_A08.single,P3_A09.single,P3_A10.single,P3_A11.single,P3_A12.single,P3_B01.single,P3_B02.single,P3_B03.single,P3_B04.single,P3_B05.single,P3_B06.single,P3_B07.single,P3_B08.single,P3_B09.single,P3_B10.single,P3_B11.single,P3_B12.single,P3_C01.single,P3_C02.single,P3_C03.single,P3_C04.single,P3_C05.single,P3_C06.single,P3_C07.single,P3_C08.single,P3_C09.single,P3_C10.single,P3_D01.single,P3_D02.single,P3_D03.single,P3_D05.single,P3_D06.single,P3_D07.single,P3_D08.single,P3_D09.single,P3_D11.single,P3_D12.single,P3_E02.single,P3_E03.single,P3_E04.single,P3_E05.single,P3_E06.single,P3_E07.single,P3_F01.single,P3_F04.single,P3_F05.single,P3_F08.single,P3_F12.single,P3_G02.single,P3_G03.single,P3_G04.single,P3_G05.single,P3_G06.single,P3_H05.single,P4_A01.single,P4_A02.single,P4_A03.single,P4_A07.single,P4_A08.single,P4_A09.single,P4_A10.single,P4_A11.single,P4_A12.single,P4_B01.single,P4_B02.single,P4_B03.single,P4_B05.single,P4_B06.single,P4_B07.single,P4_B08.single,P4_B09.single,P4_B11.single,P4_B12.single,P4_C03.single,P4_C04.single,P4_C05.single,P4_C06.single,P4_C07.single,P4_C08.single,P4_C10.single,P4_C11.single,P4_D01.single,P4_D02.single,P4_D03.single,P4_D04.single,P4_D05.single,P4_D06.single,P4_D07.single,P4_D08.single,P4_D09.single,P4_D11.single,P4_D12.single,P4_E01.single,P4_E02.single,P4_E03.single,P4_E04.single,P4_E05.single,P4_E06.single,P4_E07.single,P4_E08.single,P4_E09.single,P4_E11.single,P4_E12.single,P4_F01.single,P4_F02.single,P4_F03.single,P4_F04.single,P4_F05.single,P4_F06.single,P4_F07.single,P4_F08.single,P4_F09.single,P4_F10.single,P4_F12.single,P4_G01.single,P4_G07.single,P4_G09.single,P4_G11.single,P4_H01.single,P4_H06.single,P4_H07.single,P4_H09.single,P4_H10.single,P4_H11.single,P4_H12.single
# Locus ID	Chr	BP	Col	Pop ID	P Nuc	Q Nuc	N	P	Obs Het	Obs Hom	Exp Het	Exp Hom	Pi	Smoothed Pi	Smoothed Pi P-value	Fis	Smoothed Fis	Smoothed Fis P-value	Private
73	un	7	5	pop	T	A	63	0.59523810	0.77778	0.22222	0.48186	0.51814	0.48571	0.00000	0.00000	-0.60131	0.00000	0.00000	0
73	un	17	15	pop	A	T	78	0.99358974	0.01282	0.98718	0.01274	0.98726	0.01282	0.00000	0.00000	-0.00000	0.00000	0.00000	0
73	un	79	77	pop	C	T	65	0.96153846	0.04615	0.95385	0.07396	0.92604	0.07454	0.00000	0.00000	0.38080	0.00000	0.00000	0
73	un	87	85	pop	T	G	78	0.99358974	0.01282	0.98718	0.01274	0.98726	0.01282	0.00000	0.00000	-0.00000	0.00000	0.00000	0
73	un	106	104	pop	A	G	63	0.59523810	0.77778	0.22222	0.48186	0.51814	0.48571	0.00000	0.00000	-0.60131	0.00000	0.00000	0
76	un	153	1	pop	A	G	65	0.99230769	0.01538	0.98462	0.01527	0.98473	0.01538	0.00000	0.00000	-0.00000	0.00000	0.00000	0
76	un	220	68	pop	C	T	58	0.93103448	0.13793	0.86207	0.12842	0.87158	0.12954	0.00000	0.00000	-0.06481	0.00000	0.00000	0
76	un	268	116	pop	G	A	63	0.98412698	0.03175	0.96825	0.03124	0.96876	0.03149	0.00000	0.00000	-0.00806	0.00000	0.00000	0
262	un	306	4	pop	T	A	67	0.99253731	0.01493	0.98507	0.01481	0.98519	0.01493	0.00000	0.00000	0.00000	0.00000	0.00000	0
262	un	360	58	pop	C	T	67	0.99253731	0.01493	0.98507	0.01481	0.98519	0.01493	0.00000	0.00000	0.00000	0.00000	0.00000	0
262	un	426	124	pop	C	A	66	0.99242424	0.01515	0.98485	0.01504	0.98496	0.01515	0.00000	0.00000	-0.00000	0.00000	0.00000	0
625	un	455	3	pop	G	T	70	0.99285714	0.01429	0.98571	0.01418	0.98582	0.01429	0.00000	0.00000	-0.00000	0.00000	0.00000	0
625	un	459	7	pop	T	A	70	0.99285714	0.01429	0.98571	0.01418	0.98582	0.01429	0.00000	0.00000	-0.00000	0.00000	0.00000	0
625	un	513	61	pop	C	T	70	0.99285714	0.01429	0.98571	0.01418	0.98582	0.01429	0.00000	0.00000	-0.00000	0.00000	0.00000	0
625	un	528	76	pop	C	T	62	0.96774194	0.06452	0.93548	0.06243	0.93757	0.06294	0.00000	0.00000	-0.02500	0.00000	0.00000	0
625	un	555	103	pop	A	G	59	0.55932203	0.74576	0.25424	0.49296	0.50704	0.49718	0.00000	0.00000	-0.50000	0.00000	0.00000	0
625	un	591	139	pop	G	A	69	0.99275362	0.01449	0.98551	0.01439	0.98561	0.01449	0.00000	0.00000	-0.00000	0.00000	0.00000	0
1354	un	607	5	pop	T	A	63	0.98412698	0.03175	0.96825	0.03124	0.96876	0.03149	0.00000	0.00000	-0.00806	0.00000	0.00000	0
1354	un	643	41	pop	A	G	63	0.99206349	0.01587	0.98413	0.01575	0.98425	0.01587	0.00000	0.00000	0.00000	0.00000	0.00000	0
1354	un	649	47	pop	C	A	63	0.99206349	0.01587	0.98413	0.01575	0.98425	0.01587	0.00000	0.00000	0.00000	0.00000	0.00000	0
1354	un	661	59	pop	C	T	63	0.98412698	0.03175	0.96825	0.03124	0.96876	0.03149	0.00000	0.00000	-0.00806	0.00000	0.00000	0
1354	un	733	131	pop	A	G	63	0.99206349	0.01587	0.98413	0.01575	0.98425	0.01587	0.00000	0.00000	0.00000	0.00000	0.00000	0
1354	un	736	134	pop	C	G	63	0.99206349	0.01587	0.98413	0.01575	0.98425	0.01587	0.00000	0.00000	0.00000	0.00000	0.00000	0
2287	un	831	79	pop	G	T	58	0.99137931	0.01724	0.98276	0.01709	0.98291	0.01724	0.00000	0.00000	0.00000	0.00000	0.00000	0
2287	un	832	80	pop	C	A	58	0.99137931	0.01724	0.98276	0.01709	0.98291	0.01724	0.00000	0.00000	0.00000	0.00000	0.00000	0
2287	un	846	94	pop	A	G	58	0.93103448	0.00000	1.00000	0.12842	0.87158	0.12954	0.00000	0.00000	1.00000	0.00000	0.00000	0
